first_name,last_name,company_Name
Louis,Hubner,Camimbo
Lezley,Inch,Dablist
Minny,MacTrustram,Quimm
Berthe,Folkes,Dynazzy
Allyce,Shrigley,Tagchat
Mord,Pisco,Miboo
Freemon,Jacobovitch,Dynava
Parke,Allcorn,Innotype
Tabbi,Yglesias,Realbuzz
Harbert,Boriston,Abata
Etti,Wanstall,Wordify
Erl,Eglington,Realcube
Casey,Connerry,Camido
Foss,Kittredge,Ntag
Beryle,Fursland,Innotype
Taddeusz,Holbarrow,Aivee
Edithe,Grise,Skinte
Gerry,Carse,Skimia
Wye,Polamontayne,Ozu
Ilka,Elders,Pixoboo
Hernando,Coulton,Browsezoom
Cherice,Buckett,Gevee
Sherrie,Peetermann,Jabberbean
Rubia,McCullum,Rhyzio
Tyne,Bladder,Reallinks
Loise,Filppetti,Babbleopia
Peadar,Jansema,Meevee
Nicolle,Carnaman,Mudo
Modesta,Worcester,Fanoodle
Jess,O'Doherty,Meezzy
Shauna,Rosoni,Rhyloo
Stanwood,Sancraft,Oyonder
Martynne,Bartocci,Blogspan
Codie,Danielovitch,Oyoba
Antonia,Ninotti,Voonder
Sterling,Sobczak,Dynazzy
Juan,Chaudron,Feedbug
Ellen,McVitty,Topdrive
Tremaine,Antonov,Buzzdog
Jan,Leverage,Skimia
Hynda,Eivers,Ainyx
Doralin,Cowlam,Quinu
Dedra,Conquer,Wordtune
Gavin,Kirk,Shufflester
Ethelred,Ickeringill,Jatri
Tadd,Beniesh,Photofeed
Stirling,Deeble,Zoombeat
Bonnee,Bendon,Wikido
Isidora,Keitley,Tagtune
Pail,Pouton,Skiba
Brynne,Espinel,Agimba
Nilson,Waudby,Zooveo
Gino,Zmitruk,BlogXS
Slade,Mc Giffin,Viva
Nowell,Hatherill,Ntag
Afton,Sanches,Yata
Zabrina,Shaw,Demivee
Dermot,Iseton,Eayo
Sigrid,Stichel,Layo
Caritta,Shippey,Tazzy
Arlee,Braidford,Zooveo
Claiborne,Ungerer,Quinu
Rosamond,Faulconbridge,Wordtune
Karel,Cornils,Thoughtblab
Mannie,Matevosian,Devify
Annamarie,Arnaldo,Tazzy
Carroll,Abbiss,Skiptube
Lida,Jaquest,Yacero
Edna,Blazej,Dynabox
Lusa,Dobbson,Aivee
Deana,McKibbin,Agivu
Tome,Schorah,Centimia
Emilee,Aubri,Roodel
Nanette,Romanski,Kwinu
Claudie,Reynold,Meevee
Karolina,Ackland,Meezzy
Willette,Hollingsby,Ailane
Mellisa,Spyer,Thoughtbridge
Scottie,Geistbeck,Mymm
Durward,Dannatt,Wordtune
Shep,Ambage,Gigazoom
Kevina,Dovermann,Eimbee
Bertie,Hatherell,Blognation
Rudolfo,Harbin,Oyondu
Elianora,Lowdwell,Leexo
Hildegarde,Wetherill,Dabfeed
Neill,Iacovides,Eimbee
Nikita,Willden,Yozio
Reggie,Knowlys,Youbridge
Jo-anne,Vanne,Thoughtsphere
Clayborn,Sandercock,Skaboo
Arin,Duquesnay,Demivee
Boycey,Imort,Quatz
Cullan,Jerzycowski,Mydo
Electra,Bonome,Skimia
Willow,Winterflood,Avamba
Gradey,Card,Dynabox
Isa,Whates,Oyoba
Lissie,Shurrock,Meeveo
Chevy,Ticksall,Yodel
